{
  "accuracy": 0.5833333333333334,
  "precision": 0.49494949494949486,
  "recall": 0.4135720208481403,
  "f1": 0.3980589022757697,
  "roc_auc": 0.6710085446822603
}