{
  "accuracy": 0.375,
  "precision": 0.3954248366013072,
  "recall": 0.4307628524046434,
  "f1": 0.35780219780219785,
  "roc_auc": 0.6824195803968962
}