{
  "benign": {
    "mean": 86.43205419278435,
    "std": 56.62741095925955,
    "min": 0.0,
    "max": 255.0,
    "percentile_25": 39.0,
    "percentile_75": 126.0
  },
  "malignant": {
    "mean": 79.4066661848767,
    "std": 57.180458995325964,
    "min": 0.0,
    "max": 255.0,
    "percentile_25": 30.0,
    "percentile_75": 121.0
  },
  "normal": {
    "mean": 81.55621346078456,
    "std": 53.95702995182374,
    "min": 0.0,
    "max": 255.0,
    "percentile_25": 37.0,
    "percentile_75": 119.0
  }
}