{
  "accuracy": 0.625,
  "precision": 0.4078565113047872,
  "recall": 0.46564054726368154,
  "f1": 0.4305180881234005,
  "roc_auc": 0.7391327751147901
}