{
  "accuracy": 0.35,
  "precision": 0.2288676236044657,
  "recall": 0.5138888888888888,
  "f1": 0.3164292497625831,
  "roc_auc": 0.684485169768438
}