{
  "accuracy": 0.65,
  "precision": 0.4627224627224627,
  "recall": 0.47512437810945274,
  "f1": 0.45025384557096304,
  "roc_auc": 0.7125811714062237
}