{
  "accuracy": 0.5416666666666666,
  "precision": 0.5167076167076168,
  "recall": 0.5521055437100213,
  "f1": 0.5214913910566085,
  "iou": 0.35516157682585225,
  "roc_auc": 0.7260312437972928
}