{
  "accuracy": 0.35833333333333334,
  "precision": 0.26515151515151514,
  "recall": 0.5515873015873015,
  "f1": 0.3411105082293362,
  "roc_auc": 0.6877255837946928
}